Dia,A,AAL,AAP,AAPL,ABBV,ABC,ABMD,ABT,ACN,ADBE,ADI,ADM,ADP,ADSK,AEE,AEP,AES,AFL,AIG,AIZ,AJG,AKAM,ALB,ALGN,ALK,ALL,ALLE,AMAT,AMCR,AMD,AME,AMGN,AMP,AMT,AMZN,ANET,ANSS,AON,AOS,APA,APD,APH,APTV,ARE,ATO,ATVI,AVB,AVGO,AVY,AWK,AXP,AZO,BA,BAC,BALL,BAX,BBWI,BBY,BDX,BEN,BF.B,BIIB,BIO,BK,BKNG,BKR,BLK,BMY,BR,BRK.B,BRO,BSX,BWA,BXP,C,CAG,CAH,CARR,CAT,CB,CBOE,CBRE,CCI,CCL,CDAY,CDNS,CDW,CE,CEG,CF,CFG,CHD,CHRW,CHTR,CI,CINF,CL,CLX,CMA,CMCSA,CME,CMG,CMI,CMS,CNC,CNP,COF,COO,COP,COST,CPB,CPRT,CPT,CRL,CRM,CSCO,CSGP,CSX,CTAS,CTLT,CTRA,CTSH,CTVA,CVS,CVX,CZR,D,DAL,DD,DE,DFS,DG,DGX,DHI,DHR,DIS,DISH,DLR,DLTR,DOV,DOW,DPZ,DRI,DTE,DUK,DVA,DVN,DXC,DXCM,EA,EBAY,ECL,ED,EFX,EIX,EL,ELV,EMN,EMR,ENPH,EOG,EPAM,EQIX,EQR,EQT,ES,ESS,ETN,ETR,ETSY,EVRG,EW,EXC,EXPD,EXPE,EXR,F,FANG,FAST,FBHS,FCX,FDS,FDX,FE,FFIV,FIS,FISV,FITB,FLT,FMC,FOX,FOXA,FRC,FRT,FTNT,FTV,GD,GE,GILD,GIS,GL,GLW,GM,GNRC,GOOG,GOOGL,GPC,GPN,GRMN,GS,GWW,HAL,HAS,HBAN,HCA,HD,HES,HIG,HII,HLT,HOLX,HON,HPE,HPQ,HRL,HSIC,HST,HSY,HUM,HWM,IBM,ICE,IDXX,IEX,IFF,ILMN,INCY,INTC,INTU,INVH,IP,IPG,IQV,IR,IRM,ISRG,IT,ITW,IVZ,J,JBHT,JCI,JKHY,JNJ,JNPR,JPM,K,KDP,KEY,KEYS,KHC,KIM,KLAC,KMB,KMI,KMX,KO,KR,L,LDOS,LEN,LH,LHX,LIN,LKQ,LLY,LMT,LNC,LNT,LOW,LRCX,LUMN,LUV,LVS,LW,LYB,LYV,MA,MAA,MAR,MAS,MCD,MCHP,MCK,MCO,MDLZ,MDT,MET,META,MGM,MHK,MKC,MKTX,MLM,MMC,MMM,MNST,MO,MOH,MOS,MPC,MPWR,MRK,MRNA,MRO,MS,MSCI,MSFT,MSI,MTB,MTCH,MTD,MU,NCLH,NDAQ,NDSN,NEE,NEM,NFLX,NI,NKE,NLOK,NLSN,NOC,NOW,NRG,NSC,NTAP,NTRS,NUE,NVDA,NVR,NWL,NWS,NWSA,NXPI,O,ODFL,OGN,OKE,OMC,ON,ORCL,ORLY,OTIS,OXY,PARA,PAYC,PAYX,PCAR,PCG,PEAK,PEG,PEP,PFE,PFG,PG,PGR,PH,PHM,PKG,PKI,PLD,PM,PNC,PNR,PNW,POOL,PPG,PPL,PRU,PSA,PSX,PTC,PWR,PXD,PYPL,QCOM,QRVO,RCL,RE,REG,REGN,RF,RHI,RJF,RL,RMD,ROK,ROL,ROP,ROST,RSG,RTX,SBAC,SBNY,SBUX,SCHW,SEDG,SEE,SHW,SIVB,SJM,SLB,SNA,SNPS,SO,SPG,SPGI,SRE,STE,STT,STX,STZ,SWK,SWKS,SYF,SYK,SYY,T,TAP,TDG,TDY,TECH,TEL,TER,TFC,TFX,TGT,TJX,TMO,TMUS,TPR,TRMB,TROW,TRV,TSCO,TSLA,TSN,TT,TTWO,TWTR,TXN,TXT,TYL,UAL,UDR,UHS,ULTA,UNH,UNP,UPS,URI,USB,V,VFC,VICI,VLO,VMC,VNO,VRSK,VRSN,VRTX,VTR,VTRS,VZ,WAB,WAT,WBA,WBD,WDC,WEC,WELL,WFC,WHR,WM,WMB,WMT,WRB,WRK,WST,WTW,WY,WYNN,XEL,XOM,XRAY,XYL,YUM,ZBH,ZBRA,ZION,ZTS
24/10,,-0.06917384821496296,,,,,,,,,,,,,,,,,,,,,,,-0.08213940618651046,,-0.013944302694258793,,,,-0.05135876837985571,,,,,,,,-0.06676103758871645,,,,,,,,,,,,,,-0.07668752080109319,,,,,,,,,,,,,,,,,,,,,,,,,-0.10788220572472144,-0.010148036373830334,,,,,,,,,,,,,,-0.10441554346363723,,,,,,,,,,0.029742544786140336,,,,,,,,,-0.020400145962469904,,,,,-0.016852943702111017,-0.08064909966076426,-0.05623193560348867,,,,,,,,,-0.05453693802659218,,-0.007417276168928651,,,,,,,,,,-0.034477883943721685,,,,,,,,,,,,,,-0.12370604019053136,,,,,-0.0027771440217413683,,,,,,,,,-0.030014309638902475,,,,,,-0.02925645425612261,,,,,-0.08119884618509696,-0.07175137938021114,,,-0.027518885004600313,,,,,,,,,,,,,-0.07085947897289842,-0.026124417974583976,0.01820398600623225,,,,,,-0.3430938646212035,,,,,,,-0.055369455819031035,,,,,,,,-0.04381380411123203,,,-0.015387402835149925,,,,,,,,-0.05054683227299876,,,,-0.050824407959439,,,,,,,,,,-0.05514857230319587,,,,-0.0475405825657585,,-0.08417340389155256,-0.03133985847596502,-0.051009243860131864,,,,,,,,,,,,,,,,,,-0.041042974910505306,,,-0.04492569205259323,,,,-0.060330043410025166,,,,,,-0.08357501117020164,,,,,,,,-0.040292835775326066,,,,,,,,,,,,,,,-0.010772628464830864,,,,,,,,,,,,,,,,,,,,-0.05290723774472117,,,,,,,,-0.03591345961918511,,,-0.09276635906746639,,,,,,,,,,,0.01653261061585923,,,,,,,-0.05519976331184565,,,,,0.02084759906112011,,,,,,,,,-0.03057974904184627,,,,,,,-0.05553164766432351,,,,,,,,,-0.12083845475654627,,,,,,,,,,0.04328832828657474,,,,-0.06244514501391899,-0.02560636895254758,,,-0.12667622754909885,-0.019536250268279407,,,,,,,,,,,-0.044528762739281524,,,,,,,,,,-0.09648744784606776,,,,,,,-0.13260396427201096,,,,,,,,,,,,,,,,,,-0.10178458272339537,,,,-0.05681089243552937,,-0.07780169520642631,,,,,-0.10082968616109006,-0.09740348973357223,-0.050618198855172124,,,,,,,,-0.09081337053088265,,,,,,-0.04583698138100985,,,,,,,,,-0.09243320679451282,,,,,,,,,,,,-0.10404870304128651,,,,,
25/10,,-0.04577658163893342,,,,,,,,,,,,,,,,,,,,,,,-0.06656279759355022,,-0.0008831751142468699,,,,-0.035679095106747404,,,,,,,,-0.03712026589606809,,,,,,,,,,,,,,-0.07522226716149387,,,,,,,,,,,,,,,,,,,,,,,,,-0.07825240084787125,0.013317394387250854,,,,,,,,,,,,,,-0.06946536580115834,,,,,,,,,,0.04245490376990213,,,,,,,,,-0.012403628358150327,,,,,0.002953931788249568,-0.06334862247906008,-0.05118154451792886,,,,,,,,,-0.0384209206006253,,0.010377220562553672,,,,,,,,,,-0.012365298671845859,,,,,,,,,,,,,,-0.09785763937352014,,,,,0.01889008991822654,,,,,,,,,-0.021455378339771663,,,,,,0.008513648044614396,,,,,-0.0738694217523941,-0.045293181744992736,,,0.014869312473571093,,,,,,,,,,,,,-0.05973159601710509,-0.02917946855075139,0.030516977888524036,,,,,,-0.27692256117545905,,,,,,,-0.05038770063991672,,,,,,,,-0.037848028277634144,,,-0.0056099961865375665,,,,,,,,-0.05013678047855196,,,,-0.03739496950277981,,,,,,,,,,-0.027450613965110674,,,,-0.03313925270017186,,-0.07052248572407431,-0.018657186916011065,-0.02779594433973221,,,,,,,,,,,,,,,,,,-0.0400295159800132,,,-0.041533743222267876,,,,-0.07412607376444691,,,,,,-0.05227368489249247,,,,,,,,-0.019931289484182026,,,,,,,,,,,,,,,-0.0008909233259917642,,,,,,,,,,,,,,,,,,,,-0.04082034721919018,,,,,,,,-0.0585376686485753,,,-0.06203837801375175,,,,,,,,,,,0.03126091396380336,,,,,,,-0.04468716082049208,,,,,0.029518055642030343,,,,,,,,,-0.00444949516583591,,,,,,,-0.017468085247535556,,,,,,,,,-0.10604986615857616,,,,,,,,,,0.0659362214932695,,,,-0.03641346004461572,-0.014212740695070112,,,-0.11751029657214433,-0.022649663782926974,,,,,,,,,,,-0.026885021566315156,,,,,,,,,,-0.056452733307380924,,,,,,,-0.11634626498647899,,,,,,,,,,,,,,,,,,-0.0747370951442882,,,,-0.027293645181781102,,-0.05647726315654706,,,,,-0.08559389281011354,-0.07031672337310466,-0.027426729856963535,,,,,,,,-0.07938917233752536,,,,,,-0.022668761079626315,,,,,,,,,-0.08628446981303994,,,,,,,,,,,,-0.08686193000896694,,,,,
26/10,,0.012371587958207987,,,,,,,,,,,,,,,,,,,,,,,-0.02054324021736131,,0.0009390048507557956,,,,-0.021887818913898315,,,,,,,,-0.031201019685203963,,,,,,,,,,,,,,-0.04840236077827195,,,,,,,,,,,,,,,,,,,,,,,,,-0.06684385323567005,0.05062438261992465,,,,,,,,,,,,,,-0.058518458422360246,,,,,,,,,,0.053899681014758144,,,,,,,,,0.009391827668150452,,,,,0.022625886781746107,-0.050328336647461745,-0.0332114877909372,,,,,,,,,0.016504207156123205,,0.02744058541913464,,,,,,,,,,-0.0047866276109572135,,,,,,,,,,,,,,-0.0890645840577316,,,,,0.041000224857844915,,,,,,,,,-0.009252519165844778,,,,,,0.021774488305614008,,,,,-0.06655940485898128,-0.017682163743848366,,,0.047698167966819686,,,,,,,,,,,,,-0.0411117035583401,-0.024940957759095127,0.05378545249840263,,,,,,-0.23321491051287654,,,,,,,-0.023458419282976817,,,,,,,,-0.03496375550423654,,,0.010811914404833851,,,,,,,,-0.021769735632097695,,,,-0.026965387982393285,,,,,,,,,,-0.0024298587909751083,,,,-0.02048952645160324,,-0.043069460976803135,-0.00733353237715027,-0.015615540107999069,,,,,,,,,,,,,,,,,,-0.024071376906240994,,,-0.040896069293022044,,,,-0.07272531344957936,,,,,,-0.017686573265938598,,,,,,,,-0.002766840301363171,,,,,,,,,,,,,,,0.020806027454812123,,,,,,,,,,,,,,,,,,,,-0.026269172319955427,,,,,,,,-0.05843687965193998,,,-0.052199898871680916,,,,,,,,,,,0.0404260833988193,,,,,,,-0.03385762734106544,,,,,0.043339587040688826,,,,,,,,,-0.00019019062795938623,,,,,,,-0.004335784203210163,,,,,,,,,-0.0919667744650266,,,,,,,,,,0.08940301666927652,,,,-0.011688208491452367,-0.004908521382099364,,,-0.11145076273490132,-0.011640506206252729,,,,,,,,,,,-0.018437495485130254,,,,,,,,,,-0.02956416033952199,,,,,,,-0.08200654708869183,,,,,,,,,,,,,,,,,,-0.054256254400118616,,,,-0.013129927710793009,,0.0039386446504758406,,,,,-0.07772089104560033,-0.057867118275507584,0.0008814004297091302,,,,,,,,-0.06643019822622856,,,,,,-0.016009657119116807,,,,,,,,,-0.08248936702405085,,,,,,,,,,,,-0.06930004988580034,,,,,
27/10,,0.05476655358547361,,,,,,,,,,,,,,,,,,,,,,,0.02067349074694616,,0.008128160239869196,,,,-0.002130650469833964,,,,,,,,-0.018760234103377432,,,,,,,,,,,,,,-0.008055681784115375,,,,,,,,,,,,,,,,,,,,,,,,,-0.029091970863999193,0.061998153005779544,,,,,,,,,,,,,,-0.04741611304192186,,,,,,,,,,0.07378394076133328,,,,,,,,,0.037615695130594345,,,,,0.01947442200212326,-0.030066595495220193,-0.0027605997426457295,,,,,,,,,0.05839629068652844,,0.039616395637765096,,,,,,,,,,0.01312540204152244,,,,,,,,,,,,,,-0.06174957323177963,,,,,0.05641999674755806,,,,,,,,,0.012446298679424423,,,,,,0.0325646647206986,,,,,-0.06978994152637051,0.015070277747560886,,,0.04380294590167808,,,,,,,,,,,,,-0.01809824500109336,-0.02311437482004351,0.05237874785073386,,,,,,-0.20411115022021437,,,,,,,0.0014132694629690268,,,,,,,,-0.04445331080390618,,,0.017533529126646318,,,,,,,,0.0005431311078392237,,,,-0.012622855287048835,,,,,,,,,,0.02948421847951982,,,,0.0008524759736753925,,-0.03891517681150473,0.0025901940478978065,0.01135899368380507,,,,,,,,,,,,,,,,,,-0.008887778230408384,,,-0.025020340735430028,,,,-0.07485604066604755,,,,,,0.020659996671169793,,,,,,,,0.021311972981129065,,,,,,,,,,,,,,,0.0321504186946955,,,,,,,,,,,,,,,,,,,,-0.00748357646830577,,,,,,,,-0.06449519629220427,,,-0.03656386582586065,,,,,,,,,,,0.07232570039454685,,,,,,,-0.008316292884688894,,,,,0.05113795846008176,,,,,,,,,0.03438118073049087,,,,,,,0.010657782742488313,,,,,,,,,-0.08596928903327732,,,,,,,,,,0.11342735508073715,,,,0.017715955700710904,0.01500459125618287,,,-0.10136999323521997,0.00029444127547274883,,,,,,,,,,,0.005628290433723494,,,,,,,,,,0.017706757659915896,,,,,,,-0.05746020515971496,,,,,,,,,,,,,,,,,,-0.023282467735555274,,,,-0.0027389503945342637,,0.05511462145860275,,,,,-0.0640692805252132,-0.02200700701689079,0.03839765104265048,,,,,,,,-0.03558036317735655,,,,,,0.012659228539574165,,,,,,,,,-0.07201134621192243,,,,,,,,,,,,-0.03822105431721222,,,,,
28/10,,0.09686426823474173,,,,,,,,,,,,,,,,,,,,,,,0.04983679635152155,,-0.006442317073835612,,,,0.008427757044163143,,,,,,,,-0.004216683407706386,,,,,,,,,,,,,,0.05433989499335308,,,,,,,,,,,,,,,,,,,,,,,,,-0.025863648183419848,0.1027282411164986,,,,,,,,,,,,,,-0.02121655552599159,,,,,,,,,,0.0901521219912666,,,,,,,,,0.029177133767851363,,,,,0.02926154290915228,0.0015311552732833172,-0.004293758204497799,,,,,,,,,0.09156359924103724,,0.07655606450150952,,,,,,,,,,0.017176108414857016,,,,,,,,,,,,,,-0.07574996203924877,,,,,0.0809430691526793,,,,,,,,,0.020821149112910994,,,,,,0.0392930426579832,,,,,-0.07114634703272701,0.018492415865334295,,,0.08114044975033646,,,,,,,,,,,,,-0.0004229066392296334,0.006126077266073486,0.06472515157577807,,,,,,-0.23512725703091367,,,,,,,0.02074964264177745,,,,,,,,-0.019109383709573064,,,0.028850076909800258,,,,,,,,0.032581864507626186,,,,0.0010909150143059495,,,,,,,,,,0.04802728326657827,,,,0.00781146977186818,,-0.01741926651487002,0.01857160666358057,0.023883016587456826,,,,,,,,,,,,,,,,,,0.015305544410348666,,,0.004718010624455308,,,,-0.05038460089031024,,,,,,0.0538270124722958,,,,,,,,0.020213052671825778,,,,,,,,,,,,,,,0.04695837277118208,,,,,,,,,,,,,,,,,,,,0.003503102032703688,,,,,,,,-0.025822246111689998,,,-0.0037638193619148916,,,,,,,,,,,0.060440359778800974,,,,,,,-0.012287974918738996,,,,,0.06501323513303608,,,,,,,,,0.059441382702538806,,,,,,,0.004966612536531162,,,,,,,,,-0.033620574493324264,,,,,,,,,,0.10744995342821062,,,,0.043575222240649615,0.021027900855679748,,,-0.09624516665467535,0.01886692933113774,,,,,,,,,,,0.027789483609519147,,,,,,,,,,0.052697739750782624,,,,,,,-0.030453671685913033,,,,,,,,,,,,,,,,,,-0.020918098635170482,,,,0.026653624413249186,,0.09892250569911865,,,,,-0.038653968770631326,-0.00044031890884652173,0.0768242638870734,,,,,,,,-0.03579663082290512,,,,,,0.035407255579994516,,,,,,,,,-0.06719001554550351,,,,,,,,,,,,-0.027599299844528052,,,,,
31/10,,0.1283627338181047,,,,,,,,,,,,,,,,,,,,,,,0.10121162933892568,,0.013892633734567334,,,,0.01526765114031495,,,,,,,,0.004205867617068735,,,,,,,,,,,,,,0.09117296545343195,,,,,,,,,,,,,,,,,,,,,,,,,-0.0031588046687822786,0.11507317191802667,,,,,,,,,,,,,,-0.01713844120489635,,,,,,,,,,0.09768133823991765,,,,,,,,,0.025720909763234247,,,,,0.029811527993181885,0.010517219579356633,0.0028815081369072157,,,,,,,,,0.12753327014642166,,0.08425986879466889,,,,,,,,,,0.03232703191523071,,,,,,,,,,,,,,-0.06688510761541205,,,,,0.0917914933476835,,,,,,,,,0.02549331347466004,,,,,,0.04960631173139655,,,,,-0.06127036996355933,0.05153877601462988,,,0.12719524918646835,,,,,,,,,,,,,0.010856951954375353,0.014328411871475571,0.06758265748081484,,,,,,-0.264153599153459,,,,,,,0.03227855413994672,,,,,,,,-0.002130960109875428,,,0.036882045065403934,,,,,,,,0.05907350218695022,,,,0.0003453934192083971,,,,,,,,,,0.06640208671418545,,,,0.010838783846772193,,0.0023349769945962395,0.014753799785153983,0.044578687930202476,,,,,,,,,,,,,,,,,,0.019867310473851846,,,0.030317460638239008,,,,-0.03465146600423809,,,,,,0.07862480441996211,,,,,,,,0.04612034552218091,,,,,,,,,,,,,,,0.05135487109964479,,,,,,,,,,,,,,,,,,,,0.0051288893602006525,,,,,,,,-0.014334568077631145,,,0.010024798271000725,,,,,,,,,,,0.06321381877695809,,,,,,,-0.005640895266361503,,,,,0.07530657807263665,,,,,,,,,0.07946092719426168,,,,,,,0.02000153478996965,,,,,,,,,-0.010817095528266332,,,,,,,,,,0.10865695325913197,,,,0.06510766974559809,0.027002287689848626,,,-0.09555784358445064,0.03133451191841462,,,,,,,,,,,0.027209782263326373,,,,,,,,,,0.0652028568445154,,,,,,,-0.013585532456824662,,,,,,,,,,,,,,,,,,-0.009697009290536438,,,,0.04604709209001144,,0.13751998873540006,,,,,-0.023241506046890525,0.0155532606393699,0.08985117805077163,,,,,,,,-0.025667218104339473,,,,,,0.05502913402721579,,,,,,,,,-0.06603275296296605,,,,,,,,,,,,-0.016271228003761396,,,,,
01/11,,0.09729361294387338,,,,,,,,,,,,,,,,,,,,,,,0.09647562210606647,,0.026634779216544224,,,,0.03121984015117142,,,,,,,,0.005253857188962633,,,,,,,,,,,,,,0.09564721838438957,,,,,,,,,,,,,,,,,,,,,,,,,-0.012083037690890598,0.11783480579227702,,,,,,,,,,,,,,-0.026623437247242736,,,,,,,,,,0.09574795783529787,,,,,,,,,0.005346132836073483,,,,,0.02339138686990296,0.018486425884354053,0.011287959404194935,,,,,,,,,0.11177554620000017,,0.07513828378469471,,,,,,,,,,0.04284384844132627,,,,,,,,,,,,,,-0.04453234670715834,,,,,0.09368761510314051,,,,,,,,,0.041778366745291645,,,,,,0.02392794570190028,,,,,-0.052865358848997124,0.04837286729222445,,,0.11437992599765583,,,,,,,,,,,,,0.020666197727757785,0.023365458322042135,0.06581674286833984,,,,,,-0.2591607855500085,,,,,,,0.036885436608407575,,,,,,,,0.007445731849706481,,,0.03720861759375261,,,,,,,,0.05766633882338992,,,,0.005880063643284939,,,,,,,,,,0.07607434360250917,,,,0.03114525966567443,,0.025410751949689666,0.010206667670558289,0.053121796646104905,,,,,,,,,,,,,,,,,,0.022334954030955714,,,0.04746627355724728,,,,-0.013443609476291264,,,,,,0.07771619317482643,,,,,,,,0.03957743249225862,,,,,,,,,,,,,,,0.0612625180353968,,,,,,,,,,,,,,,,,,,,0.017085131660294284,,,,,,,,-0.013058186938594951,,,0.014541413467146531,,,,,,,,,,,0.056670198032563075,,,,,,,-0.0020860865662205184,,,,,0.0759661237363191,,,,,,,,,0.08687680039106348,,,,,,,0.014993244756337443,,,,,,,,,-0.011053965349536276,,,,,,,,,,0.10638197788201717,,,,0.08138026567762172,0.03587838541634408,,,-0.08734772056827626,0.03284386061459646,,,,,,,,,,,0.038602006134568115,,,,,,,,,,0.08948258770834738,,,,,,,-0.015108788824710662,,,,,,,,,,,,,,,,,,-0.0011791346004709172,,,,0.03735020289312762,,0.1113379506797471,,,,,-0.005040557411274918,-0.0026607353149552394,0.07224035319385667,,,,,,,,-0.012316340106458858,,,,,,0.06079984025806856,,,,,,,,,-0.055680633230064475,,,,,,,,,,,,-0.010586961982662704,,,,,
02/11,,0.06273936566801867,,,,,,,,,,,,,,,,,,,,,,,0.06498254932065137,,-0.005429249495291167,,,,0.007769969447362909,,,,,,,,-0.017925742084296325,,,,,,,,,,,,,,0.05570062724136283,,,,,,,,,,,,,,,,,,,,,,,,,-0.05090844361204222,0.08648342036245013,,,,,,,,,,,,,,-0.04127574027779391,,,,,,,,,,0.0744249285833866,,,,,,,,,-0.016464876937556976,,,,,-0.009001016568755155,0.004384235541208597,-0.018684310541960167,,,,,,,,,0.07949998583100965,,0.045686451181354844,,,,,,,,,,0.015783958724073163,,,,,,,,,,,,,,-0.0683409923117257,,,,,0.06762638619461486,,,,,,,,,0.021176005280083083,,,,,,0.012708170923960432,,,,,-0.06742213535269971,0.0058840838160662155,,,0.0813599575188771,,,,,,,,,,,,,-0.009451324081246748,0.015655496682026024,0.06664980184267734,,,,,,-0.30139116463804305,,,,,,,0.022636025877795028,,,,,,,,0.00528082019284973,,,0.01572091720006006,,,,,,,,0.033745926197811416,,,,-0.016688189383068496,,,,,,,,,,0.04918160326533195,,,,0.00458774313486682,,0.014607926869974518,-0.013160959917129211,0.014017324748528931,,,,,,,,,,,,,,,,,,0.013744340193328168,,,0.03917215492738188,,,,-0.013530198075711526,,,,,,0.05196837035923005,,,,,,,,-0.02428278653769655,,,,,,,,,,,,,,,0.04981140324984002,,,,,,,,,,,,,,,,,,,,-0.009675106465191315,,,,,,,,-0.033933364776778614,,,0.0014499492171972808,,,,,,,,,,,0.031098466028075054,,,,,,,-0.012289901626042979,,,,,0.04767408474291112,,,,,,,,,0.04762646447109935,,,,,,,-0.009373832200236923,,,,,,,,,-0.049893908638491864,,,,,,,,,,0.07093979181336531,,,,0.05752753255443913,0.019113341048964127,,,-0.0997310571053312,0.004824082382760472,,,,,,,,,,,0.020395505717870473,,,,,,,,,,0.07358366281105617,,,,,,,-0.03176915148938658,,,,,,,,,,,,,,,,,,-0.03283138515638075,,,,0.00977394348534944,,0.08139317734904712,,,,,-0.027699472965088904,-0.016206658726642075,0.024743080433247525,,,,,,,,-0.02859576021931175,,,,,,0.03179346681245671,,,,,,,,,-0.0659193858310584,,,,,,,,,,,,-0.036010381279389415,,,,,
03/11,,0.10694460929572491,,,,,,,,,,,,,,,,,,,,,,,0.09669047602227679,,0.021483554389766412,,,,0.016308190499443636,,,,,,,,0.016152787975147898,,,,,,,,,,,,,,0.12352650232691167,,,,,,,,,,,,,,,,,,,,,,,,,-0.016927169821776656,0.09785323084654839,,,,,,,,,,,,,,-0.03354052555604743,,,,,,,,,,0.08868425545953477,,,,,,,,,-0.004249062582539111,,,,,0.011018723251535247,0.02174503296424243,-0.007798656531344447,,,,,,,,,0.11821181188033449,,0.05980400689892205,,,,,,,,,,0.031719535454615706,,,,,,,,,,,,,,-0.03457529251183426,,,,,0.07873938494532251,,,,,,,,,0.018455242407751517,,,,,,0.00823857676410071,,,,,-0.046655288329742944,0.04040396969195731,,,0.06714278282226108,,,,,,,,,,,,,0.009938938572705858,0.04312618307341761,0.09506400455294363,,,,,,-0.23133714376534406,,,,,,,0.03587858348192987,,,,,,,,0.013330952172356785,,,0.03800400724530355,,,,,,,,0.06228455796169694,,,,-0.004358052128445326,,,,,,,,,,0.05876195251666631,,,,0.02941933256418953,,0.029659555732392318,-0.0031474420441683143,0.05033110992887723,,,,,,,,,,,,,,,,,,0.02235919388031144,,,0.06355777607671283,,,,0.01196991282977391,,,,,,0.08019124576697882,,,,,,,,0.006912232161488252,,,,,,,,,,,,,,,0.07276509588513608,,,,,,,,,,,,,,,,,,,,-0.002677842025206829,,,,,,,,-0.008799178654802816,,,0.011981723549363426,,,,,,,,,,,0.0378260583479291,,,,,,,0.0067546005319119515,,,,,0.05274468724102947,,,,,,,,,0.056889714271696895,,,,,,,0.011700123783889732,,,,,,,,,-0.03521926750605246,,,,,,,,,,0.07921910117184258,,,,0.06465886985046335,0.010928820733526528,,,-0.0825079628163034,0.01603731117026678,,,,,,,,,,,0.046343825997071424,,,,,,,,,,0.11214871399488506,,,,,,,-0.014173172326485744,,,,,,,,,,,,,,,,,,-0.010122636021992983,,,,0.033686733924774226,,0.11454055691105441,,,,,-0.013984509071780489,-0.004407127357993605,0.04883106258287166,,,,,,,,-0.028077035529346376,,,,,,0.04741102064751248,,,,,,,,,-0.04995107201913745,,,,,,,,,,,,-0.009164301650581002,,,,,
04/11,,0.12855178769692213,,,,,,,,,,,,,,,,,,,,,,,0.09771633551760535,,0.016059800728209832,,,,0.014486889111574785,,,,,,,,0.01894485539474004,,,,,,,,,,,,,,0.163058487627865,,,,,,,,,,,,,,,,,,,,,,,,,-0.016098932251304692,0.10865885997691505,,,,,,,,,,,,,,-0.008128339742310066,,,,,,,,,,0.09366515798357808,,,,,,,,,0.026327256812935934,,,,,0.024429911817332884,0.043848107865832694,-0.005995322451692498,,,,,,,,,0.13457634045979536,,0.08018555872096415,,,,,,,,,,0.04306171930146786,,,,,,,,,,,,,,-0.06150821133993209,,,,,0.09198327881636434,,,,,,,,,0.02360165692628383,,,,,,0.03279877621642167,,,,,-0.0362999162564316,0.05500957851489951,,,0.09378531503826706,,,,,,,,,,,,,0.02521523705037952,0.05308143172892848,0.10969250221319138,,,,,,-0.25605591854211135,,,,,,,0.029935995575303707,,,,,,,,0.020238161201100207,,,0.05686539852439561,,,,,,,,0.06206965754433108,,,,-0.0034731711723811056,,,,,,,,,,0.06859520832224762,,,,0.047414270442279485,,0.03241616524683872,0.0523942130888124,0.055757855020573614,,,,,,,,,,,,,,,,,,0.02868539778882092,,,0.06970056834586867,,,,0.02004577626737736,,,,,,0.10956900682139557,,,,,,,,0.01762798207360499,,,,,,,,,,,,,,,0.09465498220204747,,,,,,,,,,,,,,,,,,,,0.00364935231824068,,,,,,,,-0.012197002479524936,,,0.03575163454114673,,,,,,,,,,,0.05770770424902253,,,,,,,0.017305884272627598,,,,,0.06629743387840972,,,,,,,,,0.07026076342354443,,,,,,,0.019077691809473215,,,,,,,,,-0.03416142233558244,,,,,,,,,,0.0735005173317755,,,,0.06760299819428542,0.02247085719946413,,,-0.07322111785621371,0.021375909476125065,,,,,,,,,,,0.053443886608369365,,,,,,,,,,0.1464926139018284,,,,,,,-0.003887492100607713,,,,,,,,,,,,,,,,,,-0.0030101473100041308,,,,0.046411482816453284,,0.12914182378302477,,,,,0.009116322031810929,0.01999369652574698,0.048247034728939105,,,,,,,,-0.01072454378618915,,,,,,0.05107862388052842,,,,,,,,,-0.03990915633455988,,,,,,,,,,,,-0.0015949753697517693,,,,,
07/11,,0.14271457754624342,,,,,,,,,,,,,,,,,,,,,,,0.0798498521254006,,-0.014848212492122108,,,,-0.02166428181704783,,,,,,,,-0.022345925128842474,,,,,,,,,,,,,,0.12777513783358724,,,,,,,,,,,,,,,,,,,,,,,,,-0.05086482975633499,0.0655491301618273,,,,,,,,,,,,,,-0.031931600499776655,,,,,,,,,,0.0638967893604323,,,,,,,,,-0.004289990420363147,,,,,-0.009597915046549188,0.016748223352841235,-0.039330809759092755,,,,,,,,,0.13051116391973608,,0.04918234147352464,,,,,,,,,,0.013809670431030048,,,,,,,,,,,,,,-0.07329666746033087,,,,,0.06070564769400597,,,,,,,,,-0.009452313881157592,,,,,,0.004356947688969333,,,,,-0.06617933751958584,0.01541424174039562,,,0.07516023056538233,,,,,,,,,,,,,-0.013963088633928455,0.013568749210797657,0.08437366689475372,,,,,,-0.2525291209567827,,,,,,,-0.006851201812981536,,,,,,,,-0.005953645771767376,,,0.02158842469395135,,,,,,,,0.02482249410873864,,,,-0.030309903444024813,,,,,,,,,,0.02852106801950667,,,,0.01354566954112104,,-0.0007706059948781449,0.01749081659205351,0.010730099476769513,,,,,,,,,,,,,,,,,,-0.009285313867827055,,,0.023120993107491654,,,,-0.015306008733705847,,,,,,0.10120864607147338,,,,,,,,-0.022613816184301708,,,,,,,,,,,,,,,0.0762094517404227,,,,,,,,,,,,,,,,,,,,-0.0260082178465421,,,,,,,,-0.04867587244458758,,,0.003085774957126078,,,,,,,,,,,0.004672742079817693,,,,,,,-0.008208390639294507,,,,,0.03307078584031274,,,,,,,,,0.03019704017806669,,,,,,,-0.00926747026609388,,,,,,,,,-0.06776493930494881,,,,,,,,,,0.0678588795250858,,,,0.019672160832364866,0.000933221406090683,,,-0.09747361418991769,0.005731592732944319,,,,,,,,,,,0.026171874170528856,,,,,,,,,,0.10528783792591735,,,,,,,-0.036469631447387296,,,,,,,,,,,,,,,,,,-0.04533004852349189,,,,0.008439929914565634,,0.12349122070202713,,,,,-0.017338324509775193,0.011922860441097952,0.0063703303819874135,,,,,,,,-0.03276998405088918,,,,,,0.012226012146577505,,,,,,,,,-0.07007076731997469,,,,,,,,,,,,-0.0340344390457328,,,,,
08/11,,0.06353307976580991,,,,,,,,,,,,,,,,,,,,,,,0.014756729085561495,,-0.05098601017209195,,,,-0.051471628955891094,,,,,,,,-0.05556768049289517,,,,,,,,,,,,,,0.07510118343549745,,,,,,,,,,,,,,,,,,,,,,,,,-0.09746424250734598,0.017145103231160766,,,,,,,,,,,,,,-0.04758133838523768,,,,,,,,,,0.008183844276370655,,,,,,,,,-0.04247411246880183,,,,,-0.034467125587547005,-0.006794232449217845,-0.0651170836149749,,,,,,,,,0.04896845955489686,,0.0019181834950141472,,,,,,,,,,-0.020961322652178448,,,,,,,,,,,,,,-0.12374636383809665,,,,,0.025360355571638724,,,,,,,,,-0.04995822942414894,,,,,,-0.001646967157100131,,,,,-0.0876814553683862,-0.04019445090003921,,,0.027196192771173643,,,,,,,,,,,,,-0.04047166061993796,-0.014695083336783162,0.0256924263394048,,,,,,-0.295488793377173,,,,,,,-0.03631958341612013,,,,,,,,-0.029219251177245987,,,-0.007369921490874131,,,,,,,,-0.01869124653785488,,,,-0.057670417556496795,,,,,,,,,,-0.015634212258222372,,,,-0.019020473749044236,,-0.035554592686710636,-0.01870171599510747,-0.027633498984627816,,,,,,,,,,,,,,,,,,-0.037650811617493785,,,-0.008856055095741564,,,,-0.03214294811477943,,,,,,0.043869360148356996,,,,,,,,-0.05980398716458855,,,,,,,,,,,,,,,0.060999595414499175,,,,,,,,,,,,,,,,,,,,-0.05162045349340462,,,,,,,,-0.06234035146675093,,,-0.024906461537201868,,,,,,,,,,,-0.039029544472572245,,,,,,,-0.03241864408054568,,,,,-0.0062466377189753725,,,,,,,,,-0.011308730652189453,,,,,,,-0.039477766931634156,,,,,,,,,-0.10549214648438246,,,,,,,,,,0.029753506037163212,,,,-0.007447680744777384,-0.04776839945570456,,,-0.12056772502090868,-0.023329275642524974,,,,,,,,,,,-0.008979539331889616,,,,,,,,,,0.0620319527129611,,,,,,,-0.07398510270331221,,,,,,,,,,,,,,,,,,-0.06948363195715439,,,,-0.04199161726104067,,0.05224070554649678,,,,,-0.04142534651018747,-0.021525109174198614,-0.037359008562273144,,,,,,,,-0.062374112109122894,,,,,,-0.029682956938247875,,,,,,,,,-0.08859958531942116,,,,,,,,,,,,-0.06617685382189771,,,,,
09/11,,0.07278803103451606,,,,,,,,,,,,,,,,,,,,,,,0.015777952835927766,,-0.05201956878773209,,,,-0.050692836980190226,,,,,,,,-0.038383982155347586,,,,,,,,,,,,,,0.09035602587716278,,,,,,,,,,,,,,,,,,,,,,,,,-0.0867501487349809,0.023652841040930253,,,,,,,,,,,,,,-0.039147226466807385,,,,,,,,,,-0.004735469743719036,,,,,,,,,-0.032657055755506204,,,,,-0.04285148403071404,0.005290691189541727,-0.06755600267592679,,,,,,,,,0.05899717462950428,,0.01343576785661845,,,,,,,,,,-0.01747902199534846,,,,,,,,,,,,,,-0.11030560479360202,,,,,0.00601826432134833,,,,,,,,,-0.05676085170045106,,,,,,0.007287253022345938,,,,,-0.0824354171763143,-0.027074015960132283,,,0.04281950385076064,,,,,,,,,,,,,-0.034192576763170314,-0.01567888275241829,0.028267095976655252,,,,,,-0.256818381674555,,,,,,,-0.03294208691933357,,,,,,,,-0.03329409990280917,,,-0.0049561779614970825,,,,,,,,-0.013347758191398773,,,,-0.049437098804878656,,,,,,,,,,-0.012647098686501667,,,,-0.016329569893593993,,-0.02007348565492746,-0.009371132670224804,-0.02318906464060773,,,,,,,,,,,,,,,,,,-0.028267881938683546,,,0.004708835834438453,,,,-0.023923966575567845,,,,,,0.0535992818445642,,,,,,,,-0.0524318216206398,,,,,,,,,,,,,,,0.07043620155854918,,,,,,,,,,,,,,,,,,,,-0.046496065278686285,,,,,,,,-0.05427845469481835,,,-0.014264224186905717,,,,,,,,,,,-0.03760206681575046,,,,,,,-0.037788376911566605,,,,,-0.01764665224761836,,,,,,,,,-0.01147935862172601,,,,,,,-0.025125848191478506,,,,,,,,,-0.0969320229217069,,,,,,,,,,0.034182049753397975,,,,-0.01970885326931301,-0.03712922830611651,,,-0.11112957467849104,-0.019748459024741285,,,,,,,,,,,-0.006778725666712941,,,,,,,,,,0.08166221603225457,,,,,,,-0.051753960374590215,,,,,,,,,,,,,,,,,,-0.06297969762334808,,,,-0.037685702188484445,,0.05209827050490702,,,,,-0.0168497336336478,-0.014427366649023745,-0.03551634490799097,,,,,,,,-0.06291493319968525,,,,,,-0.02922282823052373,,,,,,,,,-0.07923949772770822,,,,,,,,,,,,-0.06069730181422805,,,,,
10/11,,0.08627166430699444,,,,,,,,,,,,,,,,,,,,,,,0.021607759791637954,,-0.03533347674306759,,,,-0.0386070891828552,,,,,,,,-0.023572637716647436,,,,,,,,,,,,,,0.09423189535867,,,,,,,,,,,,,,,,,,,,,,,,,-0.059444025733218796,0.020972706321573484,,,,,,,,,,,,,,-0.016404417639087097,,,,,,,,,,0.011207119942814989,,,,,,,,,-0.03688071171151164,,,,,-0.053097009308502655,0.022996090041759946,-0.06413149699369936,,,,,,,,,0.05776722798203887,,0.013329984784888966,,,,,,,,,,-0.011992233557170995,,,,,,,,,,,,,,-0.07725999644935576,,,,,0.009735807429106026,,,,,,,,,-0.04198626297118742,,,,,,0.00928284710116797,,,,,-0.06636422905584838,-0.039359383280984636,,,0.054850166227007995,,,,,,,,,,,,,-0.026327412449930154,-0.0017954567864269634,0.04719223206013777,,,,,,-0.19581442046361786,,,,,,,-0.01637959065507386,,,,,,,,-0.028245103145312537,,,0.010942904906125464,,,,,,,,-0.009277931120002674,,,,-0.042270656900028736,,,,,,,,,,-0.013778675010641474,,,,-0.011086114789419926,,-0.013100938425631264,-0.0009007297299347263,-0.00579133256009079,,,,,,,,,,,,,,,,,,-0.01883402725370402,,,0.005560499252715995,,,,-0.01697711694523666,,,,,,0.07078330195559022,,,,,,,,-0.06582884228440365,,,,,,,,,,,,,,,0.11144322628224602,,,,,,,,,,,,,,,,,,,,-0.03726239741106659,,,,,,,,-0.05912725231480806,,,-0.003864710092986059,,,,,,,,,,,-0.05517840743394757,,,,,,,-0.02797120387744828,,,,,-0.004475488992936918,,,,,,,,,-0.0024051836132073525,,,,,,,-0.01415690493175567,,,,,,,,,-0.08147919982924824,,,,,,,,,,0.03518865073010868,,,,-0.012670563902026316,-0.04959116766415533,,,-0.054565367673775844,-0.008754106058199436,,,,,,,,,,,-0.005662041623612123,,,,,,,,,,0.10534485597353636,,,,,,,-0.04182921039100365,,,,,,,,,,,,,,,,,,-0.04821352351173364,,,,-0.026387762528109104,,0.06728594464878448,,,,,-0.0037396415650474625,0.0007303416048022207,-0.033776514398140514,,,,,,,,-0.03814522301065497,,,,,,-0.021326403736112307,,,,,,,,,-0.034800946642732034,,,,,,,,,,,,-0.04923294917729793,,,,,
11/11,,0.13256487275282464,,,,,,,,,,,,,,,,,,,,,,,0.04575413490991906,,-0.01343816232319288,,,,-0.008808948003102869,,,,,,,,0.002678102109651823,,,,,,,,,,,,,,0.11707999742428775,,,,,,,,,,,,,,,,,,,,,,,,,-0.006436211436377464,0.027921872584694876,,,,,,,,,,,,,,0.012255417989613507,,,,,,,,,,0.023629085020529725,,,,,,,,,-0.0035177909784357584,,,,,-0.02879318007731936,0.04548167094597751,-0.033517272508803916,,,,,,,,,0.10041906928956722,,0.010613791609632743,,,,,,,,,,0.011482717759575947,,,,,,,,,,,,,,-0.043792923207708535,,,,,0.03053884851899252,,,,,,,,,-0.0010971859230503812,,,,,,0.025994167187201957,,,,,-0.03275901376774927,-0.002230303201339937,,,0.06096498689282502,,,,,,,,,,,,,-0.0031796789474286494,-0.0034474046171632353,0.07289005946212192,,,,,,-0.10235367769195439,,,,,,,-0.00031625681031252487,,,,,,,,-0.03250101705823358,,,0.03202652290526327,,,,,,,,0.011087164261414447,,,,-0.01566864868879583,,,,,,,,,,0.01600825093529486,,,,0.01307320514023692,,8.530155531694263e-05,0.03035363964884872,0.03388353402704319,,,,,,,,,,,,,,,,,,-0.016431335640009526,,,-0.011815575561521604,,,,-0.027685838271430112,,,,,,0.09481204824598896,,,,,,,,-0.025975033504879286,,,,,,,,,,,,,,,0.14923210889579902,,,,,,,,,,,,,,,,,,,,-0.010980310932607753,,,,,,,,-0.08382072890972907,,,0.01703018174916051,,,,,,,,,,,0.008620090802516824,,,,,,,-0.0041417910415928036,,,,,0.018138522392298042,,,,,,,,,0.024232740210676194,,,,,,,0.014622024363155637,,,,,,,,,-0.054855780537603926,,,,,,,,,,0.06156448713171136,,,,0.021289154065239888,-0.022949154358916753,,,-0.022707399071964913,-0.005345651932744114,,,,,,,,,,,0.014643089593172575,,,,,,,,,,0.15828605389263534,,,,,,,-0.015475889750500904,,,,,,,,,,,,,,,,,,-0.012188748397531611,,,,-0.0043849893998507946,,0.10111018021121566,,,,,0.01029816694374133,0.04152385914797261,-0.001633010989577191,,,,,,,,-0.007525941348379589,,,,,,-0.005200797854023416,,,,,,,,,-0.008345866219586502,,,,,,,,,,,,-0.021992190935637285,,,,,
14/11,,0.1451073527192782,,,,,,,,,,,,,,,,,,,,,,,0.054162995516911554,,-0.006023256849174586,,,,-0.0014064594230622604,,,,,,,,0.0017429004459421232,,,,,,,,,,,,,,0.10517836450505441,,,,,,,,,,,,,,,,,,,,,,,,,-0.012958644550618008,0.02168836593120803,,,,,,,,,,,,,,0.0199764820286037,,,,,,,,,,0.018147010598153903,,,,,,,,,-0.013420763079182099,,,,,-0.01740516957842032,0.05265231640785509,-0.031173377504668105,,,,,,,,,0.10066481254813309,,0.00019362706907433716,,,,,,,,,,0.012899522606218754,,,,,,,,,,,,,,-0.040721670375903275,,,,,0.023607548320676564,,,,,,,,,0.0028328681645910397,,,,,,0.020095681784809867,,,,,-0.03863627597069461,-0.006295593502972904,,,0.06967891868475136,,,,,,,,,,,,,0.005247337528113598,-0.011404520185430714,0.06642101664946137,,,,,,-0.09733446857163205,,,,,,,-0.0076659183040939825,,,,,,,,-0.04123582846743682,,,0.029309242642771818,,,,,,,,-0.0007987622169031023,,,,-0.02326096985037714,,,,,,,,,,0.02723449433043239,,,,0.020347285341075813,,-0.0036328475469242782,0.017177198968405517,0.02992390002243225,,,,,,,,,,,,,,,,,,-0.020666582224210153,,,-0.03852793451649264,,,,-0.042068453731544206,,,,,,0.10437126077788617,,,,,,,,-0.032139749572593974,,,,,,,,,,,,,,,0.14503786626593115,,,,,,,,,,,,,,,,,,,,-0.004688236478543504,,,,,,,,-0.10125262823092566,,,0.028604402175187334,,,,,,,,,,,-0.02064499344485931,,,,,,,0.00019101676739387006,,,,,0.015768325947676253,,,,,,,,,0.029894147841836513,,,,,,,0.012430628249314747,,,,,,,,,-0.060170072443968985,,,,,,,,,,0.049174418216901855,,,,0.02205083915487372,-0.030524894100885838,,,-0.029417124149896973,-0.006821616451336474,,,,,,,,,,,0.016025152201950804,,,,,,,,,,0.169945477393299,,,,,,,-0.010559541521282252,,,,,,,,,,,,,,,,,,-0.021026842844779875,,,,-0.005844902516469518,,0.09275429586695781,,,,,0.019116310436614912,0.03857537591110239,0.008002976172732355,,,,,,,,-0.0013076411339801725,,,,,,-0.0034086998289532752,,,,,,,,,-0.010112565007500044,,,,,,,,,,,,-0.016041905335154014,,,,,
15/11,,0.12945135197848529,,,,,,,,,,,,,,,,,,,,,,,0.06573121590947552,,-0.003169037948263192,,,,0.0034472415466230647,,,,,,,,0.007773567297480375,,,,,,,,,,,,,,0.1117201752236319,,,,,,,,,,,,,,,,,,,,,,,,,0.00077187362467848,0.01583534839098148,,,,,,,,,,,,,,0.02143767017755411,,,,,,,,,,0.014387844504359353,,,,,,,,,-0.00330832917092364,,,,,-0.011706822027215858,0.05589377045401261,-0.019958549039592887,,,,,,,,,0.12154524088937557,,-0.010353991202001974,,,,,,,,,,0.02214076601864205,,,,,,,,,,,,,,-0.010829328725556952,,,,,0.028334194566956388,,,,,,,,,0.003164726445051847,,,,,,0.02853178858628123,,,,,-0.04194681875231112,-0.010920159054607187,,,0.077845944517677,,,,,,,,,,,,,0.013705695604318394,-0.02183111041191571,0.08139453127259523,,,,,,-0.07952268874810424,,,,,,,-0.028090445016186086,,,,,,,,-0.03898706441076343,,,0.019336375612781037,,,,,,,,-0.002326732402979562,,,,-0.03172644447171005,,,,,,,,,,0.021949142334082263,,,,0.021256474326565796,,0.005659857533691166,0.008779830031605889,0.023034961961999372,,,,,,,,,,,,,,,,,,-0.013271044354623014,,,-0.042649426222219185,,,,-0.04407057173487074,,,,,,0.11503720273252588,,,,,,,,-0.027937323658463457,,,,,,,,,,,,,,,0.14569869771594918,,,,,,,,,,,,,,,,,,,,-0.0039835676720557656,,,,,,,,-0.10966078810759318,,,0.026557871898112748,,,,,,,,,,,-0.019818378034514722,,,,,,,0.004648451154682922,,,,,0.002276901026246819,,,,,,,,,0.021930634168266572,,,,,,,0.017011096107955558,,,,,,,,,-0.06466045997781251,,,,,,,,,,0.036049291227649716,,,,0.019809120263318485,-0.027503357210261356,,,-0.02595742751910081,-0.01152356658451488,,,,,,,,,,,0.01731711767647826,,,,,,,,,,0.18521765115298175,,,,,,,0.0074557232288371585,,,,,,,,,,,,,,,,,,-0.01628145964579791,,,,-0.004787326890649893,,0.10216782215226833,,,,,0.027049607509960272,0.04133623452768539,0.023946879758576636,,,,,,,,0.0005793767772159939,,,,,,-0.0016099415251908818,,,,,,,,,-0.015191229672296875,,,,,,,,,,,,-0.017757633027620134,,,,,
16/11,,0.0956615096548053,,,,,,,,,,,,,,,,,,,,,,,0.05506813559659206,,0.009229451465031556,,,,0.01348420081882601,,,,,,,,0.011915397776874897,,,,,,,,,,,,,,0.1244632758019468,,,,,,,,,,,,,,,,,,,,,,,,,0.009300286079745942,0.017453157251031665,,,,,,,,,,,,,,0.017277085014148565,,,,,,,,,,0.023405517256752776,,,,,,,,,-0.010013441459607255,,,,,0.0020083152793689304,0.05076958112438459,-0.004057398224270061,,,,,,,,,0.10965777398386153,,-0.00485833383323791,,,,,,,,,,0.04111641684782557,,,,,,,,,,,,,,-0.014902482618611124,,,,,0.03478636868362381,,,,,,,,,0.010867223796851606,,,,,,0.030856553456828334,,,,,-0.025262538448093542,-0.004711642250664719,,,0.07315846581492944,,,,,,,,,,,,,0.015552708567335958,-0.0022943112671854724,0.06957094026942724,,,,,,-0.06200559239038507,,,,,,,-0.013522315581774327,,,,,,,,-0.0035857108462332764,,,0.024160033453218627,,,,,,,,0.02529124350112779,,,,-0.0056330394125061805,,,,,,,,,,0.0287675549865172,,,,0.02631791630107407,,0.027934570204043982,-0.0021605492189488156,0.023984247157288235,,,,,,,,,,,,,,,,,,0.007369457631812234,,,-0.009900057039842753,,,,-0.009642105928023581,,,,,,0.111829155631509,,,,,,,,-0.01977744724800182,,,,,,,,,,,,,,,0.14865382203913421,,,,,,,,,,,,,,,,,,,,0.013913776241996441,,,,,,,,-0.08105490448174972,,,0.033929687635563116,,,,,,,,,,,-0.04463723260727554,,,,,,,0.007648915521280235,,,,,0.008133148466975713,,,,,,,,,0.029538363954465664,,,,,,,0.0239906757376097,,,,,,,,,-0.04184701106327755,,,,,,,,,,0.025927980089087282,,,,0.022860753787424998,-0.02254035486325995,,,-0.01685177588714951,0.00796333742218421,,,,,,,,,,,0.02337850213334946,,,,,,,,,,0.20459479116489718,,,,,,,0.0330902443074489,,,,,,,,,,,,,,,,,,0.0007345787793207432,,,,0.011492109402431743,,0.09474461669653367,,,,,0.03030272067546281,0.04144334832155894,0.028793566323178314,,,,,,,,0.00969820104813093,,,,,,0.015445300361859895,,,,,,,,,-0.003005471862006414,,,,,,,,,,,,0.003854715265587125,,,,,
17/11,,0.07000625312360462,,,,,,,,,,,,,,,,,,,,,,,0.03918142130794023,,-0.008956828413299657,,,,-0.0016661398350708012,,,,,,,,0.017756065594591412,,,,,,,,,,,,,,0.11311465525591442,,,,,,,,,,,,,,,,,,,,,,,,,0.010795722860542811,-0.0023822251686110925,,,,,,,,,,,,,,0.008967161743641703,,,,,,,,,,-0.004772673666028442,,,,,,,,,-0.007719118919062945,,,,,-0.00029231576721195485,0.019469410159424473,-0.01737469785525582,,,,,,,,,0.0711224340973606,,-0.021544098664702693,,,,,,,,,,0.005392438170029632,,,,,,,,,,,,,,-0.015218229255839726,,,,,-0.006806255009351564,,,,,,,,,-0.008025725594820883,,,,,,0.01620519282808663,,,,,-0.048271982653801164,-0.009579279455563939,,,0.051880831369633104,,,,,,,,,,,,,-0.005842494931609441,-0.0280506211744201,0.02102282883600648,,,,,,-0.03488897777411827,,,,,,,-0.038019163512942857,,,,,,,,-0.020254454134346667,,,-0.003003915864759413,,,,,,,,0.0014955701174436064,,,,-0.02191271165802358,,,,,,,,,,-0.006940729771845035,,,,-0.0034276954121982644,,0.009613211430348214,-0.006054552914142484,-0.002757918746002394,,,,,,,,,,,,,,,,,,-0.010366264501203716,,,-0.02425741507879333,,,,-0.030257896526637868,,,,,,0.08798145600486437,,,,,,,,-0.022861798058030916,,,,,,,,,,,,,,,0.10477753056644565,,,,,,,,,,,,,,,,,,,,-0.005343080841452116,,,,,,,,-0.10050970157260322,,,0.014196079305055002,,,,,,,,,,,-0.02163665718204792,,,,,,,0.001296609961128514,,,,,-0.010779513283209955,,,,,,,,,0.006511043082580824,,,,,,,0.0015732592898867715,,,,,,,,,-0.0731081513746241,,,,,,,,,,0.0041869926895211984,,,,-0.00579691543060582,-0.01817256409577033,,,-0.03420349727952222,-0.014083220878780087,,,,,,,,,,,0.0015793384258089096,,,,,,,,,,0.19405161600076642,,,,,,,0.010798495767302851,,,,,,,,,,,,,,,,,,-0.012318896542448195,,,,-0.009014795936948629,,0.06242528050223905,,,,,0.007013529521520154,0.016090336736030723,0.005096165553470449,,,,,,,,0.0006895769965411751,,,,,,0.001826887993638575,,,,,,,,,-0.022657149274191827,,,,,,,,,,,,-0.008204200477139732,,,,,
18/11,,0.06689330680306455,,,,,,,,,,,,,,,,,,,,,,,0.04154958997939799,,0.01625154974846258,,,,0.021039890981552525,,,,,,,,0.014392463557118158,,,,,,,,,,,,,,0.1110816450823033,,,,,,,,,,,,,,,,,,,,,,,,,0.019371330069998447,0.02523691333024303,,,,,,,,,,,,,,0.01359610516051595,,,,,,,,,,0.01822264701363346,,,,,,,,,0.017776335944818172,,,,,0.01966593972912934,0.02651963359462729,0.012491104187244846,,,,,,,,,0.04916015434426682,,0.005802927421649073,,,,,,,,,,0.02311637804561115,,,,,,,,,,,,,,0.021853181345787127,,,,,0.02551646206598627,,,,,,,,,0.020247310844102386,,,,,,0.018949422125958182,,,,,0.017273113428884542,0.023166098068939205,,,0.04770532166640903,,,,,,,,,,,,,0.018369991325651407,0.007220638984615707,0.026280454527041027,,,,,,0.035017033919075034,,,,,,,-0.005005323103286373,,,,,,,,0.013310990689158232,,,0.01632105832053597,,,,,,,,0.020058907988525977,,,,0.012037748014302707,,,,,,,,,,0.029966827684682906,,,,0.021741462022294437,,0.024462856949597572,0.012628775874146759,0.028753170558790772,,,,,,,,,,,,,,,,,,0.016813900288604588,,,0.016660729588005248,,,,0.011936292993981398,,,,,,0.08013349676191153,,,,,,,,0.013501902659176515,,,,,,,,,,,,,,,0.11388496050137403,,,,,,,,,,,,,,,,,,,,0.016563355903075245,,,,,,,,-0.024571659178894475,,,0.024412465052298566,,,,,,,,,,,0.012997035347271911,,,,,,,0.015288783165318206,,,,,0.011281136806782109,,,,,,,,,0.02600677434686876,,,,,,,0.018071652525021974,,,,,,,,,-0.020857574024809405,,,,,,,,,,0.017450117001178874,,,,0.03010282273349842,0.011474737871384895,,,-0.009336478188356664,0.013467305029408244,,,,,,,,,,,0.014747967348161002,,,,,,,,,,0.20705055784604035,,,,,,,0.02576988665323788,,,,,,,,,,,,,,,,,,0.023545697420820497,,,,0.022952978667423147,,0.06182238949182355,,,,,0.022574834089212875,0.02872969403228969,0.028173111735593916,,,,,,,,0.01854625104477018,,,,,,0.019962231343327926,,,,,,,,,-0.005850990617263021,,,,,,,,,,,,0.016949571473673885,,,,,
